<?xml version="1.0" encoding="UTF-8"?>
<root>
  <item name="com.iapps.libs.helpers.diagonallayout.DiagonalLayout void setDirection(int) 0">
    <annotation name="androidx.annotation.IntDef">
      <val name="value" val="{com.iapps.libs.helpers.diagonallayout.DiagonalLayoutSettings.DIRECTION_LEFT, com.iapps.libs.helpers.diagonallayout.DiagonalLayoutSettings.DIRECTION_RIGHT}" />
    </annotation>
  </item>
  <item name="com.iapps.libs.helpers.diagonallayout.DiagonalLayout void setPosition(int) 0">
    <annotation name="androidx.annotation.IntDef">
      <val name="value" val="{com.iapps.libs.helpers.diagonallayout.DiagonalLayoutSettings.LEFT, com.iapps.libs.helpers.diagonallayout.DiagonalLayoutSettings.RIGHT, com.iapps.libs.helpers.diagonallayout.DiagonalLayoutSettings.BOTTOM, com.iapps.libs.helpers.diagonallayout.DiagonalLayoutSettings.TOP}" />
    </annotation>
  </item>
  <item name="com.iapps.libs.helpers.diagonallayout.DiagonalLayoutSettings.Direction">
    <annotation name="androidx.annotation.IntDef">
      <val name="value" val="{com.iapps.libs.helpers.diagonallayout.DiagonalLayoutSettings.DIRECTION_LEFT, com.iapps.libs.helpers.diagonallayout.DiagonalLayoutSettings.DIRECTION_RIGHT}" />
    </annotation>
  </item>
  <item name="com.iapps.libs.helpers.diagonallayout.DiagonalLayoutSettings.Position">
    <annotation name="androidx.annotation.IntDef">
      <val name="value" val="{com.iapps.libs.helpers.diagonallayout.DiagonalLayoutSettings.LEFT, com.iapps.libs.helpers.diagonallayout.DiagonalLayoutSettings.RIGHT, com.iapps.libs.helpers.diagonallayout.DiagonalLayoutSettings.BOTTOM, com.iapps.libs.helpers.diagonallayout.DiagonalLayoutSettings.TOP}" />
    </annotation>
  </item>
</root>

